"No.","Quantity","Comment","Designator","Footprint","Value","Manufacturer Part","Manufacturer","Supplier Part","Supplier","JLCPCB Price","LCSC Price"
"1","1","BH-18650-B1BA007 COPY","BT1","BAT-SMD_BH-18650-B1BA007","","BH-18650-B1BA007","MYOUNG(美阳)","C6937126","LCSC","0.2655",""
"2","3","22uF","C1,C3,C17","C0805","","CL21A226MAYNNNE","SAMSUNG(三星)","C602037","LCSC","0.0412",""
"3","1","100nF","C2","C0603","","CC0603KRX7R9BB104","YAGEO(国巨)","C14663","LCSC","0.0026",""
"4","6","10uF","C4,C5,C6,C7,C40,C41","C0603","","CL10A106KP8NNNC","SAMSUNG(三星)","C19702","LCSC","0.0058",""
"5","22","100nF","C8,C9,C10,C11,C12,C16,C18,C22,C23,C25,C26,C27,C28,C29,C30,C31,C32,C34,C36,C37,C38,C39","C0402","","CL05B104KO5NNNC","SAMSUNG(三星)","C1525","LCSC","0.0009",""
"6","4","22pF","C13,C14,C33,C35","C0402","","CL05C220JB5NNNC","SAMSUNG(三星)","C70464","LCSC","0.0021",""
"7","1","4.7uF","C15","C0402","","CL05A475KP5NRNC","SAMSUNG(三星)","C368809","LCSC","0.0026",""
"8","1","10uF","C19","C0402","","CL05A106MP5NUNC","SAMSUNG(三星)","C315248","LCSC","0.0077",""
"9","1","1nF","C20","C0402","","CL05B102KO5NNNC","SAMSUNG(三星)","C3860707","LCSC","0.0006",""
"10","2","1uF","C21,C24","C0402","","CL05A105KO5NNNC","SAMSUNG(三星)","C29266","LCSC","0.0017",""
"11","1","SS34BF","D1","SMBF_L4.3-W3.6-LS5.3-RD","","SS34BF","晶导微电子","C108836","LCSC","0.0075",""
"12","10","Header-Male-2.54_1x2","H1,H2,H11,H12,H13,H14,H15,H16,H17,H18","HDR-TH_2P-P2.54-V-M-1","","826629-2","TE Connectivity(泰科电子)","C86471","LCSC","0.0633",""
"13","5","Header-Male-2.54_1x10","H3,H4,H5,H9,H10","HDR-TH_10P-P2.54-V-M-1","","2.54-1*10P针","BOOMELE(博穆精密)","C57369","LCSC","0.0103",""
"14","1","Header-Male-2.54_1x4","H6","HDR-TH_4P-P2.54-V-M","","B-2100S04P-A110","Ckmtw(灿科盟)","C124378","LCSC","0.0085",""
"15","1","Header-Male-2.54_1x15","H7","HDR-TH_15P-P2.54-V-M","","B-2100S15P-A110","Ckmtw(灿科盟)","C124373","LCSC","0.0207",""
"16","1","Header-Male-2.54_1x8","H8","HDR-TH_8P-P2.54-V-M","","B-2100S08P-A110","Ckmtw(灿科盟)","C124381","LCSC","0.0118",""
"17","1","4.7uH","L1","IND-SMD_L4.0-W4.0","","SWPA4030S4R7MT","Sunlord(顺络)","C57269","LCSC","0.013",""
"18","4","FC-2012HRK-620D","LED1,LED5,LED7,LED9","LED0805-RD","","NCD0805R1","国星光电","C84256","LCSC","0.002",""
"19","6","0805G (Green)","LED2,LED3,LED4,LED6,LED8,LED10","LED0805-R-RD","","KT-0805G","KENTO","C2297","LCSC","0.0025",""
"20","3","WS2812B-B","LED11,LED12,LED13","LED-SMD_4P-L5.0-W5.0-BL_TC5050RGB","","WS2812B-B/W","worldsemi","C114586","LCSC","",""
"21","1","Header-Male-2.54_1x1","P1","HDR-TH_1P-P2.54-V-M","","2.54-1*1P针","BOOMELE(博穆精密)","C81276","LCSC","0.002",""
"22","1","FS8205A","Q1","TSSOP-8_L4.4-W3.0-P0.65-LS6.4-BL-2","","FS8205A","FORTUNE(富晶)","C16052","LCSC","0.0279",""
"23","2","SS8050-G","Q2,Q3","SOT-23-3_L2.9-W1.3-P1.90-LS2.4-BR","","SS8050-G(RANGE:120-200)","CJ(江苏长电/长晶)","C164886","LCSC","0.0026",""
"24","1","100Ω","R1","R0603","","0603 ±1% 100Ω","VO(翔胜)","C2889384","LCSC","0.0003",""
"25","11","1kΩ","R2,R7,R9,R15,R16,R29,R30,R35,R36,R38,R39","R0603","","0603WAF1001T5E","UNI-ROYAL(厚声)","C21190","LCSC","0.0009",""
"26","1","2kΩ","R3","R0603","","0603WAF2001T5E","UNI-ROYAL(厚声)","C22975","LCSC","0.0011",""
"27","1","14.7kΩ","R4","R0603","","0603WAF1472T5E","UNI-ROYAL(厚声)","C22874","LCSC","0.0003",""
"28","1","1.2kΩ","R5","R0603","","0603WAF1201T5E","UNI-ROYAL(厚声)","C22765","LCSC","0.0012",""
"29","8","5.1kΩ","R6,R8,R12,R13,R17,R18,R33,R34","R0603","","0603WAF5101T5E","UNI-ROYAL(厚声)","C23186","LCSC","0.0006",""
"30","1","560Ω","R10","R0402","","0402WGF5600TCE","UNI-ROYAL(厚声)","C25126","LCSC","0.0011",""
"31","1","5.1kΩ","R11","R0402","","0402WGF5101TCE","UNI-ROYAL(厚声)","C25905","LCSC","0.0006",""
"32","8","10kΩ","R14,R37,R41,R42,R44,R46,R48,R49","R0603","","0603WAF1002T5E","UNI-ROYAL(厚声)","C25804","LCSC","0.0013",""
"33","1","22.1kΩ","R19","R0402","","0402WGF2212TCE","UNI-ROYAL(厚声)","C43473","LCSC","0.0006",""
"34","5","10kΩ","R20,R23,R24,R31,R32","R0402","","0402WGF1002TCE","UNI-ROYAL(厚声)","C25744","LCSC","0.0012",""
"35","1","1kΩ","R21","R0402","","0402WGF1001TCE","UNI-ROYAL(厚声)","C11702","LCSC","0.001",""
"36","1","47.5kΩ","R22","R0402","","0402WGF4752TCE","UNI-ROYAL(厚声)","C25896","LCSC","0.0008",""
"37","2","22Ω","R25,R27","R0402","","0402WGF220JTCE","UNI-ROYAL(厚声)","C25092","LCSC","0.0011",""
"38","2","0Ω","R26,R28","R0402","","0402WGF0000TCE","UNI-ROYAL(厚声)","C17168","LCSC","0.001",""
"39","6","4.7kΩ","R40,R43,R45,R47,R50,R51","R0603","","0603WAF4701T5E","UNI-ROYAL(厚声)","C23162","LCSC","0.0008",""
"40","1","330Ω","R52","R0603","","0603WAF3300T5E","UNI-ROYAL(厚声)","C23138","LCSC","0.0006",""
"41","1","1040310811","SIM1","SIM-SMD_8P-1040310811","","1040310811","MOLEX","C585350","LCSC","0.122",""
"42","4","PTS645SH50SMTR92LFS","SW13,SW14,SW15,SW16","KEY-SMD_4P-L6.0-W6.0-P4.50-LS9.0","","PTS645SH50SMTR92LFS","C&K","C221869","LCSC","0.0638",""
"43","1","B3U-1000P","SW17","KEY-SMD_B3U-1000PM","","B3U-1000P","OMRON(欧姆龙)","C231329","LCSC","0.0278",""
"44","1","MT3608","U1","SOT-23-6_L2.9-W1.6-P0.95-LS2.8-BL","","MT3608","西安航天民芯","C84817","LCSC","0.017",""
"45","1","DW01A_C841289","U2","SOT-23-6_L2.9-W1.6-P0.95-LS2.8-BR","","DW01A","null","C841289","LCSC","0.0078",""
"46","2","AMS1117-3.3V","U3,U19","SOT-223-4_L6.5-W3.5-P2.30-LS7.0-BR","","AMS1117-3.3V","WPMtek(维攀)","C2688239","LCSC","0.0097",""
"47","1","TP4056_C382139","U4","ESOP-8_L4.9-W3.9-P1.27-LS6.0-BL-EP","","TP4056","TPOWER(天源)","C382139","LCSC","0.0189",""
"48","1","ATMEGA328P-AU","U5","TQFP-32_L7.0-W7.0-P0.80-LS9.0-BL","","ATMEGA328P-AU","MICROCHIP(美国微芯)","C14877","LCSC","0.3906",""
"49","1","CH340G","U6","SOIC-16_L9.9-W3.9-P1.27-LS6.0-BL","","CH340G","WCH(南京沁恒)","C14267","LCSC","0.0841",""
"50","3","LESD5D5.0CT1G_C5246195","U7,U8,U9","SOD-523_L1.2-W0.8-LS1.6-BI","","LESD5D5.0CT1G","Leiditech(雷卯电子)","C5246195","LCSC","0.0064",""
"51","1","CP2102N-A02-GQFN24R","U10","QFN-24_L4.0-W4.0-P0.50-TL-EP2.6","","CP2102N-A02-GQFN24R","SKYWORKS/SILICON LABS(芯科)","C969151","LCSC","0.3094",""
"52","1","ESP32-WROOM-32E(8MB)","U11","WIFI-SMD_ESP32-WROOM-32E","","ESP32-WROOM-32E-N8","ESPRESSIF(乐鑫)","C701342","LCSC","0.6743",""
"53","1","RP2040","U12","LQFN-56_L7.0-W7.0-P0.4-EP","","RP2040","Raspberry Pi(树莓派)","C2040","LCSC","0.1476",""
"54","1","12MHz","U13","CRYSTAL-SMD_4P-L2.5-W2.0-BL_XTAL12MHZ","","ABM10AIG-12.000MHZ-4Z-T3","ABRACON","C1985574","LCSC","0.0889",""
"55","1","W25Q128JVSIQ_C2613931","U14","SOIC-8_L5.3-W5.3-P1.27-LS8.0-BL","","W25Q128JVSIQ","null","C2613931","LCSC","0.164",""
"56","3","HS96L03W2C03","U15,U16,U17","OLED-TH_L27.8-W27.2-P2.54_C9900033791","","HS96L03W2C03","HS(汉昇)","C5248080","LCSC","0.3461",""
"57","4","TYPE-C-31-M-12","USBC1,USBC2,USBC3,USBC4","USB-C_SMD-TYPE-C-31-M-12_1","","TYPE-C-31-M-12","韩国韩荣","C165948","LCSC","0.0276",""
"58","1","16MHz","X1","CRYSTAL-SMD_4P-L3.2-W2.5-BL-2","","NX3225SA-16MHz-STD-CSR-6","NDK","C880097","LCSC","0.073",""
